U	heading	auto	74.17	0@40:20
U	heading	auto	74.17	1@40:200
U	heading	auto	105.08	2:20 3:63.12
U	heading	auto	105.08	4:200 5:243.12
U	heading	auto	129.08	6:20 7:63.12
U	heading	auto	129.08	8:200 9:243.12
U	heading	auto	153.08	10:20 11:63.12 12:106.24 13:149.36
U	heading	30	65.17	0@40:20
U	heading	30	65.17	1@40:200
U	heading	30	95.17	2:20 3:63.12
U	heading	30	95.17	4:200 5:243.12
U	heading	30	125.17	6:20 7:63.12
U	heading	30	125.17	8:200 9:243.12
U	heading	30	155.17	10:20 11:63.12 12:106.24 13:149.36
U	big-3rd	auto	74.17	0:20 1:63.12
U	big-3rd	auto	74.17	2@40:200
U	big-3rd	auto	105.08	3:20 4:63.12
U	big-3rd	auto	105.08	5:200 6:243.12
U	big-3rd	auto	129.08	7:20 8:63.12
U	big-3rd	auto	129.08	9:200 10:243.12
U	big-3rd	auto	153.08	11:20
U	big-3rd	30	65.17	0:20 1:63.12
U	big-3rd	30	65.17	2@40:200
U	big-3rd	30	95.17	3:20 4:63.12
U	big-3rd	30	95.17	5:200 6:243.12
U	big-3rd	30	125.17	7:20 8:63.12
U	big-3rd	30	125.17	9:200 10:243.12
U	big-3rd	30	155.17	11:20
U	big-4th	auto	74.17	0:20 1:63.12
U	big-4th	auto	74.17	2:200
U	big-4th	auto	122.17	3@40:20
U	big-4th	auto	122.17	4:200 5:243.12
U	big-4th	auto	153.08	6:20 7:63.12 8:106.24 9:149.36 10:192.48 11:235.6
U	big-4th	30	65.17	0:20 1:63.12
U	big-4th	30	65.17	2:200
U	big-4th	30	100.25	3@40:20
U	big-4th	30	100.25	4:200 5:243.12
U	big-4th	30	130.25	6:20 7:63.12
U	big-4th	30	130.25	8:200 9:243.12
U	big-4th	30	160.25	10:20 11:63.12
U	big-5th	auto	74.17	0:20 1:63.12
U	big-5th	auto	74.17	2:200 3:243.12
U	big-5th	auto	122.17	4@40:20
U	big-5th	auto	122.17	5:200 6:243.12
U	big-5th	auto	153.08	7:20 8:63.12 9:106.24 10:149.36 11:192.48 12:235.6
U	big-5th	30	65.17	0:20 1:63.12
U	big-5th	30	65.17	2:200 3:243.12
U	big-5th	30	100.25	4@40:20
U	big-5th	30	100.25	5:200 6:243.12
U	big-5th	30	130.25	7:20 8:63.12
U	big-5th	30	130.25	9:200 10:243.12
U	big-5th	30	160.25	11:20 12:63.12
U	cjk	auto	57.08	0:20 1cjk:64.5 2:87.12
U	cjk	auto	57.08	3:200 4:243.12 5cjk:287.62
U	cjk	auto	81.08	6:20 7:63.12
U	cjk	auto	81.08	8:200 9:243.12 10cjk:287.62
U	cjk	auto	105.08	11:20
U	cjk	30	60.08	0:20 1cjk:64.5 2:87.12
U	cjk	30	60.08	3:200 4:243.12 5cjk:287.62
U	cjk	30	90.08	6:20 7:63.12
U	cjk	30	90.08	8:200 9:243.12 10cjk:287.62
U	cjk	30	120.08	11:20
U	cjk-larger	auto	65.62	0:20 1cjk:64.5 2:87.12
U	cjk-larger	auto	65.62	3:200 4:243.12 5@30cjk:288.31
U	cjk-larger	auto	89.62	6:20 7:63.12
U	cjk-larger	auto	89.62	8:200 9:243.12 10cjk:287.62
U	cjk-larger	auto	113.62	11:20
U	cjk-larger	30	62.62	0:20 1cjk:64.5 2:87.12
U	cjk-larger	30	62.62	3:200 4:243.12 5@30cjk:288.31
U	cjk-larger	30	92.62	6:20 7:63.12
U	cjk-larger	30	92.62	8:200 9:243.12 10cjk:287.62
U	cjk-larger	30	122.62	11:20
triangle	heading	auto	74.17	0@40:41.6 1@40:123.84
triangle	heading	auto	105.08	2:54.8 3:97.92 4:141.04 5:184.16 6:227.28
triangle	heading	auto	129.08	7:66.8 8:109.92 9:153.04 10:196.16
triangle	heading	auto	153.08	11:78.8 12:121.92 13:165.04
triangle	heading	30	65.17	0@40:35.79 1@40:118.03
triangle	heading	30	95.17	2:51.04 3:94.16 4:137.28 5:180.4 6:223.52
triangle	heading	30	125.17	7:66.04 8:109.16 9:152.28 10:195.4
triangle	heading	30	155.17	11:81.04 12:124.16 13:167.28
triangle	big-3rd	auto	74.17	0:41.6 1:84.72 2@40:127.84 3:210.08 4:253.2
triangle	big-3rd	auto	105.08	5:54.8 6:97.92 7:141.04 8:184.16 9:227.28
triangle	big-3rd	auto	129.08	10:66.8 11:109.92
triangle	big-3rd	30	65.17	0:35.79 1:78.91 2@40:122.03 3:204.27 4:247.39
triangle	big-3rd	30	95.17	5:51.04 6:94.16 7:137.28 8:180.4 9:223.52
triangle	big-3rd	30	125.17	10:66.04 11:109.16
triangle	big-4th	auto	74.17	0:41.6 1:84.72 2:127.84 3@40:170.96 4:253.2
triangle	big-4th	auto	105.08	5:54.8 6:97.92 7:141.04 8:184.16 9:227.28
triangle	big-4th	auto	129.08	10:66.8 11:109.92
triangle	big-4th	30	65.17	0:35.79 1:78.91 2:122.03 3@40:165.15 4:247.39
triangle	big-4th	30	95.17	5:51.04 6:94.16 7:137.28 8:180.4 9:223.52
triangle	big-4th	30	125.17	10:66.04 11:109.16
triangle	big-5th	auto	74.17	0:41.6 1:84.72 2:127.84 3:170.96 4@40:214.08
triangle	big-5th	auto	105.08	5:54.8 6:97.92 7:141.04 8:184.16 9:227.28
triangle	big-5th	auto	129.08	10:66.8 11:109.92 12:153.04
triangle	big-5th	30	65.17	0:35.79 1:78.91 2:122.03 3:165.15 4@40:208.27
triangle	big-5th	30	95.17	5:51.04 6:94.16 7:137.28 8:180.4 9:223.52
triangle	big-5th	30	125.17	10:66.04 11:109.16 12:152.28
triangle	cjk	auto	57.08	0:30.8 1cjk:75.3 2:97.92 3:141.04 4:184.16 5cjk:228.66 6:251.28
triangle	cjk	auto	81.08	7:42.8 8:85.92 9:129.04 10cjk:173.54 11:196.16
triangle	cjk	30	60.08	0:33.5 1cjk:78 2:100.62 3:143.74 4:186.86 5cjk:231.36 6:253.98
triangle	cjk	30	90.08	7:48.5 8:91.62 9:134.74 10cjk:179.24 11:201.86
triangle	cjk-larger	auto	65.62	0:34.64 1cjk:79.14 2:101.76 3:144.88 4:188 5@30cjk:233.19 6:265.12
triangle	cjk-larger	auto	89.62	7:47.07 8:90.19 9:133.31 10cjk:177.81 11:200.43
triangle	cjk-larger	30	62.62	0:34.64 1cjk:79.14 2:101.76 3:144.88 4:188 5@30cjk:233.19 6:265.12
triangle	cjk-larger	30	92.62	7:49.77 8:92.89 9:136.01 10cjk:180.51 11:203.13
slant	heading	auto	74.17	0@40:34.4 1@40:116.64
slant	heading	auto	105.08	2:43.2 3:86.32 4:129.44
slant	heading	auto	129.08	5:51.2 6:94.32 7:137.44
slant	heading	auto	153.08	8:59.2 9:102.32 10:145.44
slant	heading	auto	177.08	11:67.2 12:110.32 13:153.44
slant	heading	30	65.17	0@40:30.52 1@40:112.77
slant	heading	30	95.17	2:40.69 3:83.81 4:126.93
slant	heading	30	125.17	5:50.69 6:93.81 7:136.93
slant	heading	30	155.17	8:60.69 9:103.81 10:146.93
slant	heading	30	185.17	11:70.69 12:113.81 13:156.93
slant	big-3rd	auto	74.17	0:34.4 1:77.52 2@40:120.64
slant	big-3rd	auto	105.08	3:43.2 4:86.32 5:129.44
slant	big-3rd	auto	129.08	6:51.2 7:94.32 8:137.44
slant	big-3rd	auto	153.08	9:59.2 10:102.32 11:145.44
slant	big-3rd	30	65.17	0:30.52 1:73.64 2@40:116.77
slant	big-3rd	30	95.17	3:40.69 4:83.81 5:126.93
slant	big-3rd	30	125.17	6:50.69 7:93.81 8:136.93
slant	big-3rd	30	155.17	9:60.69 10:103.81 11:146.93
slant	big-4th	auto	74.17	0:34.4 1:77.52 2:120.64
slant	big-4th	auto	122.17	3@40:50.4 4:132.64
slant	big-4th	auto	153.08	5:59.2 6:102.32 7:145.44
slant	big-4th	auto	177.08	8:67.2 9:110.32 10:153.44
slant	big-4th	auto	201.08	11:75.2
slant	big-4th	30	65.17	0:30.52 1:73.64 2:116.77
slant	big-4th	30	100.25	3@40:42.22 4:124.46
slant	big-4th	30	130.25	5:52.39 6:95.51 7:138.63
slant	big-4th	30	160.25	8:62.39 9:105.51 10:148.63
slant	big-4th	30	190.25	11:72.39
slant	big-5th	auto	74.17	0:34.4 1:77.52 2:120.64
slant	big-5th	auto	122.17	3:50.4 4@40:93.52
slant	big-5th	auto	153.08	5:59.2 6:102.32 7:145.44
slant	big-5th	auto	177.08	8:67.2 9:110.32 10:153.44
slant	big-5th	auto	201.08	11:75.2 12:118.32
slant	big-5th	30	65.17	0:30.52 1:73.64 2:116.77 3:159.88
slant	big-5th	30	100.25	4@40:42.22 5:124.46
slant	big-5th	30	130.25	6:52.39 7:95.51 8:138.63
slant	big-5th	30	160.25	9:62.39 10:105.51 11:148.63
slant	big-5th	30	190.25	12:72.39
slant	cjk	auto	57.08	0:27.2 1cjk:71.7 2:94.32 3:137.44
slant	cjk	auto	81.08	4:35.2 5cjk:79.7 6:102.32 7:145.44
slant	cjk	auto	105.08	8:43.2 9:86.32 10cjk:130.82 11:153.44
slant	cjk	30	60.08	0:29 1cjk:73.5 2:96.12 3:139.24
slant	cjk	30	90.08	4:39 5cjk:83.5 6:106.12 7:149.24
slant	cjk	30	120.08	8:49 9:92.12 10cjk:136.62 11:159.24
slant	cjk-larger	auto	57.08	0:27.2 1cjk:71.7 2:94.32 3:137.44
slant	cjk-larger	auto	89.62	4:37.76 5@30cjk:82.95 6:114.88 7:158
slant	cjk-larger	auto	113.62	8:46.05 9:89.17 10cjk:133.67 11:156.29
slant	cjk-larger	30	60.08	0:29 1cjk:73.5 2:96.12 3:139.24
slant	cjk-larger	30	92.62	4:39.76 5@30cjk:84.95 6:116.88 7:160
slant	cjk-larger	30	122.62	8:49.85 9:92.97 10cjk:137.47 11:160.09
neck	heading	auto	170.17	0@40:20 1@40:102.24
neck	heading	auto	201.08	2:20 3:63.12 4:106.24 5:149.36 6:192.48 7:235.6 8:278.72
neck	heading	auto	225.08	9:20 10:63.12 11:106.24 12:149.36 13:192.48
neck	heading	30	135.33	0@40:20 1@40:102.24
neck	heading	30	165.33	2:20 3:63.12 4:106.24 5:149.36 6:192.48 7:235.6 8:278.72
neck	heading	30	195.33	9:20 10:63.12 11:106.24 12:149.36 13:192.48
neck	big-3rd	auto	146.17	0:20 1:63.12 2@40:106.24 3:188.48 4:231.6 5:274.72
neck	big-3rd	auto	177.08	6:20 7:63.12 8:106.24 9:149.36 10:192.48 11:235.6
neck	big-3rd	30	125.17	0:20 1:63.12 2@40:106.24 3:188.48 4:231.6 5:274.72
neck	big-3rd	30	155.17	6:20 7:63.12 8:106.24 9:149.36 10:192.48 11:235.6
neck	big-4th	auto	146.17	0:20 1:63.12 2:106.24 3@40:149.36 4:231.6 5:274.72
neck	big-4th	auto	177.08	6:20 7:63.12 8:106.24 9:149.36 10:192.48 11:235.6
neck	big-4th	30	125.17	0:20 1:63.12 2:106.24 3@40:149.36 4:231.6 5:274.72
neck	big-4th	30	155.17	6:20 7:63.12 8:106.24 9:149.36 10:192.48 11:235.6
neck	big-5th	auto	146.17	0:20 1:63.12 2:106.24 3:149.36 4@40:192.48 5:274.72
neck	big-5th	auto	177.08	6:20 7:63.12 8:106.24 9:149.36 10:192.48 11:235.6 12:278.72
neck	big-5th	30	125.17	0:20 1:63.12 2:106.24 3:149.36 4@40:192.48 5:274.72
neck	big-5th	30	155.17	6:20 7:63.12 8:106.24 9:149.36 10:192.48 11:235.6 12:278.72
neck	cjk	auto	129.08	0:20 1cjk:64.5 2:87.12 3:130.24 4:173.36 5cjk:217.86 6:240.48
neck	cjk	auto	153.08	7:20 8:63.12 9:106.24 10cjk:150.74 11:173.36
neck	cjk	30	120.08	0:20 1cjk:64.5 2:87.12 3:130.24 4:173.36 5cjk:217.86 6:240.48
neck	cjk	30	150.08	7:20 8:63.12 9:106.24 10cjk:150.74 11:173.36
neck	cjk-larger	auto	137.62	0:20 1cjk:64.5 2:87.12 3:130.24 4:173.36 5@30cjk:218.55 6:250.48
neck	cjk-larger	auto	161.62	7:20 8:63.12 9:106.24 10cjk:150.74 11:173.36
neck	cjk-larger	30	122.62	0:20 1cjk:64.5 2:87.12 3:130.24 4:173.36 5@30cjk:218.55 6:250.48
neck	cjk-larger	30	152.62	7:20 8:63.12 9:106.24 10cjk:150.74 11:173.36
